<?xml version="1.0" encoding="UTF-8" ?>
<data>
	<fruits name="사과">
		<price>1000원</price>
		<date>2013.12.10</date>
		<origin>국산</origin>
	</fruits>
	<fruits name="딸기">
		<price>5000원</price>
		<date>2013.08.01</date>
		<origin>필리핀</origin>
	</fruits>
	<fruits name="귤">
		<price>2000원</price>
		<date>2014.03.01</date>
		<origin>미국</origin>
	</fruits>
	<fruits name="파인애플">
		<price>10000원</price>
		<date>2014.07.10</date>
		<origin>호주</origin>
	</fruits>
</data>